id,nroDNI,nombre,apellido
1,41455603,Sofia,Rodriguez
2,44882305,Florencia,Acosta
3,27489709,Diego,Maldonado
4,23439167,Sabrina,Maldonado
5,38299464,Laura,Ferreyra
6,34157347,Carlos,Rodriguez
7,23143890,Lucia,Flores
8,36956909,Alejandro,Rodriguez
9,38832259,Federico,Villalba
10,41806503,Gaston,Luna
11,34076749,Gonzalo,Vega
12,39772475,Florencia,Gonzalez
13,45461350,Martin,Carrizo
14,34180586,Victoria,Medina
15,25217026,Lucia,Cardozo
16,31294238,Pedro,Perez
17,32748244,Pedro,Ortiz
18,31541238,Alejandro,Benitez
19,21457954,Leandro,Pereyra
20,37992829,Sofia,Nuñez
21,22644095,Daniela,Suarez
22,41093651,Paula,Silva
23,39372723,Federico,Villalba
24,22333883,Carlos,Quiroga
25,27646997,Brenda,Suarez
26,22677374,Gonzalo,Gomez
27,32754919,Florencia,Pereyra
28,41330030,Rocio,Alvarez
29,32421212,Ezequiel,Ramirez
30,42487347,Florencia,Carrizo
31,42936053,Carolina,Martinez
32,40439044,Rodrigo,Alvarez
33,37922760,Leandro,Acosta
34,25482877,Belen,Nuñez
35,29057945,Rodrigo,Carrizo
36,38688132,Gonzalo,Bravo
37,30881122,Brenda,Toledo
38,21876966,Gonzalo,Fernandez
39,30584847,Milagros,Medina
40,22220921,Lucia,Roldan
41,44089205,Ramiro,Ramirez
42,41992872,Candela,Rojas
43,41570529,Belen,Diaz
44,28887903,Diego,Acosta
45,44997682,Daniela,Luna
46,28816145,Yamila,Ferreyra
47,34375853,Ornella,Rojas
48,32146585,Gonzalo,Romero
49,37096865,Candela,Perez
50,45359841,Ana,Sanchez
